,Test statistic,p-value
SkewnessBlue,11.762376798705027,8.460890772224544e-06
KurtosisBlue,6.313163889445379,0.001855972125771607
MeanPixelBlue,21.260524568916143,7.631378634336282e-10
SkewnessGreen,4.277217669671386,0.014034068823467175
KurtosisGreen,0.7748346485602651,0.46094604110978743
MeanPixelGreen,27.908108241110305,1.1978157618048387e-12
SkewnessRed,17.62219317189033,2.6708804201941232e-08
KurtosisRed,6.981974326457875,0.000955898382610883
MeanPixelRed,51.09703415895301,2.9054869592333234e-22
