,Test statistic,p-value
SkewnessBlue,5.517003716084445,6.65677738924208e-10
KurtosisBlue,1.4724351241326457,0.12019083408707276
MeanPixelBlue,10.230288002930626,4.480142809739301e-21
SkewnessGreen,1.060409829796855,0.3899666730512397
KurtosisGreen,0.16684222035700386,0.9996379798453894
MeanPixelGreen,7.7725100752207785,3.3864320567754807e-15
SkewnessRed,3.817760056813221,4.313907273241403e-06
KurtosisRed,1.5643337151576728,0.08845931251223998
MeanPixelRed,11.794358799239603,7.865262694276893e-25
