,AvgMeanPixelBlue,SdMeanPixelBlue,AvgMeanPixelGreen,SdMeanPixelGreen,AvgMeanPixelRed,SdMeanPixelRed,MaxValueColour
CW,87.56633629430208,27.42527320543905,86.80075098852892,27.785166830492678,86.21210784322933,28.110296468582014,Blue
DW,95.63681304675342,40.00949846707642,100.72041867020747,39.73569660710086,109.94661350593411,39.191090507138945,Red
ORE,81.5622757479102,34.80098724873073,84.62974613945977,34.533443852470796,91.05448893633395,35.122278070204075,Red
